{"frobenius norm":0.10254869610071182,"trace":0.45676350593566895,"grad_norm_avg":0.03944564205255806,"rank simga_w":192,"grad_norm_min":0.00014028360601514578,"grad_norm_last_layer":0.0019117232877761126,"loss":-1.4716823101043701,"diag_var":4.90228387661773e-07,"condition simga_w":1.00368070602417,"condition sigma_inv_b":371293.65625,"_step":227,"_wandb":{"runtime":2188},"iteration":1130,"min normalized eigenvalue":-3.776103403652087e-05,"entropy":3.3564021587371826,"_runtime":2183.71851144,"_timestamp":1.7418318207532427e+09,"condition sigma_b":372831.0625,"grad_norm_max":0.8774267435073853,"rank sigma_inv_b":185,"rank sigma_b":185,"grad_norm_first_layer":0.41282525658607483,"weight decay":0.0004,"learning rate":0.00046643109540636044,"epoch":1,"max normalized eigenvalue":0.09922335296869278,"sum_squared_off_diag":0.009336067363619804}