{"sum_squared_off_diag":0.7849569320678711,"condition simga_w":1.050319790840149,"rank sigma_b":176,"learning rate":0.00046643109540636044,"iteration":1130,"weight decay":0.0004,"grad_norm_first_layer":0.7069736123085022,"frobenius norm":0.9082117676734924,"entropy":2.4191672801971436,"min normalized eigenvalue":-0.0002495965745765716,"_wandb":{"runtime":2182},"_runtime":2178.101630484,"grad_norm_max":0.7069736123085022,"rank sigma_inv_b":178,"rank simga_w":192,"trace":2.488011121749878,"loss":-0.9642816781997681,"condition sigma_b":6.5402435e+06,"_step":227,"condition sigma_inv_b":6.337746e+06,"epoch":1,"diag_var":4.019285552203655e-05,"max normalized eigenvalue":0.2314312905073166,"grad_norm_last_layer":0.0014221322489902377,"grad_norm_avg":0.03274589305154371,"grad_norm_min":0.0010261920979246497,"_timestamp":1.741824995996929e+09}