{"grad_norm_avg":0.03944564205255806,"min normalized eigenvalue":-3.555156581569463e-05,"condition sigma_b":492840.625,"grad_norm_max":0.8774267435073853,"condition sigma_inv_b":492891.09375,"grad_norm_last_layer":0.0019117232877761126,"epoch":1,"_step":227,"grad_norm_min":0.00014028360601514578,"frobenius norm":0.11652092635631561,"rank sigma_inv_b":184,"max normalized eigenvalue":0.10332883894443512,"rank simga_w":192,"diag_var":5.128364364281879e-07,"weight decay":0.0004,"iteration":1130,"_runtime":2183.725677773,"entropy":3.310248374938965,"learning rate":0.00046643109540636044,"rank sigma_b":184,"trace":0.5019747614860535,"_wandb":{"runtime":2188},"_timestamp":1.741831820754702e+09,"sum_squared_off_diag":0.0121668241918087,"grad_norm_first_layer":0.41282525658607483,"loss":-1.4716823101043701,"condition simga_w":1.003118634223938}