{"condition simga_w":1.000034213066101,"iteration":1130,"sum_squared_off_diag":3.854310293149865e-08,"epoch":1,"grad_norm_avg":1.9064557555301857e-07,"weight decay":0.0004,"_step":227,"grad_norm_min":7.463700057996903e-08,"_wandb":{"runtime":2188},"_timestamp":1.7418201788658345e+09,"grad_norm_first_layer":4.698843838468747e-07,"loss":-2.6302266120910645,"rank sigma_b":142,"condition sigma_b":Infinity,"rank simga_w":192,"entropy":5.257372856140137,"grad_norm_max":1.5811691582712228e-06,"diag_var":5.92309187807949e-11,"grad_norm_last_layer":1.1032567215352174e-07,"trace":0.19265860319137573,"condition sigma_inv_b":1.1993249654769897,"learning rate":0.00046643109540636044,"rank sigma_inv_b":192,"_runtime":2183.712948909,"frobenius norm":0.013907015323638916}