{"loss":-1.4716823101043701,"_runtime":2183.718803124,"learning rate":0.00046643109540636044,"sum_squared_off_diag":0.011990349739789963,"rank simga_w":192,"frobenius norm":0.11571471393108368,"rank sigma_inv_b":183,"_wandb":{"runtime":2188},"_timestamp":1.7418318207567716e+09,"iteration":1130,"weight decay":0.0004,"diag_var":5.931191253694124e-07,"epoch":1,"_step":227,"entropy":3.3148045539855957,"grad_norm_max":0.8774267435073853,"max normalized eigenvalue":0.13009676337242126,"condition sigma_b":1.8374832e+07,"condition simga_w":1.0043784379959106,"grad_norm_first_layer":0.41282525658607483,"grad_norm_last_layer":0.0019117232877761126,"rank sigma_b":183,"grad_norm_min":0.00014028360601514578,"trace":0.4969625473022461,"min normalized eigenvalue":-3.7733912904514e-05,"condition sigma_inv_b":1.774187e+07,"grad_norm_avg":0.03944564205255806}