{"frobenius norm":0.013904856517910957,"trace":0.1926293671131134,"weight decay":0.0004,"diag_var":4.8305699718032e-11,"condition sigma_inv_b":1.1818240880966187,"condition sigma_b":Infinity,"grad_norm_first_layer":4.698843838468747e-07,"iteration":1130,"entropy":5.257388114929199,"grad_norm_last_layer":1.1032567215352174e-07,"condition simga_w":1.0000308752059937,"grad_norm_avg":1.9064557555301857e-07,"rank sigma_inv_b":192,"grad_norm_max":1.5811691582712228e-06,"learning rate":0.00046643109540636044,"_wandb":{"runtime":2188},"loss":-2.6302266120910645,"rank sigma_b":143,"_step":227,"sum_squared_off_diag":3.410779214618742e-08,"_runtime":2183.7153136,"rank simga_w":192,"_timestamp":1.7418201788600357e+09,"epoch":1,"grad_norm_min":7.463700057996903e-08}