{"_runtime":2178.095805643,"rank sigma_inv_b":177,"entropy":2.3653564453125,"min normalized eigenvalue":-0.00017469625163357705,"iteration":1130,"_timestamp":1.741824995987992e+09,"trace":2.604780435562134,"grad_norm_max":0.7069736123085022,"grad_norm_avg":0.03274589305154371,"frobenius norm":0.982374370098114,"diag_var":3.9091308281058446e-05,"grad_norm_min":0.0010261920979246497,"grad_norm_first_layer":0.7069736123085022,"sum_squared_off_diag":0.9222730398178101,"rank sigma_b":177,"condition sigma_inv_b":2.37718475e+06,"epoch":1,"_wandb":{"runtime":2182},"weight decay":0.0004,"condition sigma_b":2.447688e+06,"max normalized eigenvalue":0.2569350600242615,"grad_norm_last_layer":0.0014221322489902377,"_step":227,"loss":-0.9642816781997681,"rank simga_w":192,"condition simga_w":1.0424439907073975,"learning rate":0.00046643109540636044}