{"condition sigma_inv_b":2.03662875e+06,"learning rate":0.00046643109540636044,"_step":227,"grad_norm_first_layer":0.7069736123085022,"condition sigma_b":2.11288875e+06,"grad_norm_avg":0.03274589305154371,"iteration":1130,"loss":-0.9642816781997681,"condition simga_w":1.0438625812530518,"grad_norm_max":0.7069736123085022,"_timestamp":1.741824995995787e+09,"_runtime":2178.105324877,"epoch":1,"frobenius norm":0.811324954032898,"trace":2.0468413829803467,"min normalized eigenvalue":-0.0002611389209050685,"rank simga_w":192,"diag_var":2.9451530281221494e-05,"entropy":2.335174560546875,"max normalized eigenvalue":0.2939206063747406,"rank sigma_b":174,"grad_norm_min":0.0010261920979246497,"weight decay":0.0004,"grad_norm_last_layer":0.0014221322489902377,"sum_squared_off_diag":0.6308161020278931,"rank sigma_inv_b":175,"_wandb":{"runtime":2182}}