{"grad_norm_max":0.8774267435073853,"condition sigma_inv_b":664530.8125,"_step":227,"condition simga_w":1.0034312009811401,"rank simga_w":192,"condition sigma_b":666248.4375,"grad_norm_last_layer":0.0019117232877761126,"grad_norm_first_layer":0.41282525658607483,"rank sigma_inv_b":184,"epoch":1,"frobenius norm":0.10309305042028427,"loss":-1.4716823101043701,"sum_squared_off_diag":0.009447373449802399,"weight decay":0.0004,"max normalized eigenvalue":0.10752160847187042,"min normalized eigenvalue":-3.5345285141374916e-05,"rank sigma_b":184,"trace":0.4576260447502136,"grad_norm_min":0.00014028360601514578,"entropy":3.3507556915283203,"grad_norm_avg":0.03944564205255806,"_runtime":2183.720914151,"_wandb":{"runtime":2188},"_timestamp":1.7418318207532814e+09,"iteration":1130,"learning rate":0.00046643109540636044,"diag_var":4.719236699202156e-07}