{"_wandb":{"runtime":2188},"weight decay":0.0004,"rank sigma_b":142,"diag_var":5.96441923628177e-11,"grad_norm_min":7.463700057996903e-08,"condition sigma_inv_b":1.182597279548645,"grad_norm_max":1.5811691582712228e-06,"grad_norm_first_layer":4.698843838468747e-07,"frobenius norm":0.013904675841331482,"grad_norm_avg":1.9064557555301857e-07,"condition simga_w":1.0000317096710205,"learning rate":0.00046643109540636044,"loss":-2.6302266120910645,"_runtime":2183.724085476,"condition sigma_b":Infinity,"epoch":1,"sum_squared_off_diag":3.0756886815197504e-08,"grad_norm_last_layer":1.1032567215352174e-07,"iteration":1130,"entropy":5.257391452789307,"trace":0.19262349605560303,"rank simga_w":192,"_timestamp":1.74182017886371e+09,"rank sigma_inv_b":192,"_step":227}