{"_timestamp":1.7418249959972956e+09,"weight decay":0.0004,"condition sigma_b":423480.84375,"grad_norm_first_layer":0.7069736123085022,"diag_var":2.6159612389164977e-05,"rank simga_w":192,"iteration":1130,"epoch":1,"min normalized eigenvalue":-0.00021216591994743794,"grad_norm_avg":0.03274589305154371,"trace":2.0645196437835693,"grad_norm_last_layer":0.0014221322489902377,"_wandb":{"runtime":2182},"learning rate":0.00046643109540636044,"loss":-0.9642816781997681,"frobenius norm":0.7969354391098022,"_runtime":2178.09054033,"max normalized eigenvalue":0.26325759291648865,"grad_norm_min":0.0010261920979246497,"rank sigma_inv_b":177,"entropy":2.323882818222046,"sum_squared_off_diag":0.6079208850860596,"grad_norm_max":0.7069736123085022,"condition sigma_inv_b":406739.5625,"_step":227,"rank sigma_b":176,"condition simga_w":1.045027256011963}