{"weight decay":0.0004,"grad_norm_min":7.463700057996903e-08,"_timestamp":1.7418201788632133e+09,"_runtime":2183.710595067,"grad_norm_last_layer":1.1032567215352174e-07,"trace":0.19262465834617615,"sum_squared_off_diag":2.9543842927637343e-08,"diag_var":4.627712449356558e-11,"rank sigma_inv_b":192,"condition sigma_inv_b":1.16903817653656,"grad_norm_avg":1.9064557555301857e-07,"rank simga_w":192,"entropy":5.257399559020996,"learning rate":0.00046643109540636044,"iteration":1130,"condition simga_w":1.000032663345337,"_step":227,"rank sigma_b":139,"frobenius norm":0.01390481274574995,"grad_norm_first_layer":4.698843838468747e-07,"epoch":1,"_wandb":{"runtime":2188},"loss":-2.6302266120910645,"grad_norm_max":1.5811691582712228e-06,"condition sigma_b":Infinity}